Area Codes,Area Names,Sub Area Names,Sub-sub Area Names,2001-2003,2002-2004,2003-2005,2004-2006,2005-2007,2006-2008,2007-2009,2008-2010,2009-2011,2010-2012,2011-2013,2012-2014,2013-2015
K02000001,UNITED KINGDOM,,,16.1,16.3,16.6,16.9,17.2,17.4,17.6,17.8,18.1,18.3,18.4,18.5,18.5
E92000001,ENGLAND,,,16.3,16.5,16.8,17.1,17.3,17.5,17.7,18,18.2,18.4,18.5,18.6,18.7
E12000001,NORTH EAST,,,15.2,15.5,15.7,16.1,16.4,16.5,16.8,17,17.4,17.5,17.7,17.8,17.8
E06000047,,County Durham,,15.2,15.5,15.7,16,16.3,16.5,16.8,17,17.5,17.6,17.7,17.8,18
E06000005,,Darlington,,15.2,15.5,16,16.4,16.9,17.2,17.4,17.5,17.7,17.8,18.1,18,18
E06000001,,Hartlepool,,14.7,15,15.1,15.4,15.5,15.6,15.9,16.2,17,17.2,17.5,17.5,17.3
E06000002,,Middlesbrough,,15.3,15.2,15.2,15.4,15.7,16,16.3,16.4,16.5,16.6,16.8,16.9,17
E06000057,,Northumberland,,15.7,15.9,16.3,16.9,17.3,17.5,17.7,18,18.3,18.3,18.4,18.5,18.6
E06000003,,Redcar and Cleveland,,15.8,15.8,15.9,16.3,16.8,16.8,17.2,17.5,18,18,18,18.1,18
E06000004,,Stockton-on-Tees,,15.5,15.9,15.9,16.4,16.5,16.6,16.6,16.9,17.3,17.7,18.1,18.2,18.1
E11000007,,Tyne and Wear (Met County),,15.1,15.3,15.6,15.9,16.1,16.2,16.5,16.7,17,17.2,17.4,17.5,17.5
E08000037,,,Gateshead,15,15.5,15.9,16.4,16.7,16.7,16.8,16.9,17.1,17.5,17.5,17.7,17.7
E08000021,,,Newcastle upon Tyne,15.3,15.5,15.7,15.9,15.9,16,16.2,16.6,17,17.2,17.7,17.7,17.7
E08000022,,,North Tyneside,15.4,15.4,15.9,16.1,16.4,16.4,16.7,16.9,17.3,17.5,17.6,17.4,17.2
E08000023,,,South Tyneside,15,15.1,15.2,15.6,15.8,16.1,16.4,16.5,16.7,16.7,17,17.4,17.5
E08000024,,,Sunderland,14.6,14.9,15.3,15.6,15.8,15.9,16.3,16.5,17,17.2,17.3,17.3,17.2
E12000002,NORTH WEST ,,,15.5,15.7,15.9,16.2,16.5,16.7,16.9,17.1,17.4,17.7,17.8,17.9,17.9
E06000008,,Blackburn with Darwen,,15.1,15.1,15.5,15.8,15.9,16.2,16.1,16.6,16.8,17.3,17.2,17.3,17.5
E06000009,,Blackpool,,15.1,15.3,15.4,15.7,15.9,16.2,16.1,16,16.1,16.4,16.6,16.8,16.5
E06000049,,Cheshire East,,16.5,16.7,17,17.3,17.7,17.8,18.1,18.3,18.8,19.1,19.2,19.2,19.4
E06000050,,Cheshire West and Chester,,16.5,16.6,16.9,17.1,17.4,17.5,17.8,18.1,18.4,18.4,18.5,18.7,18.9
E06000006,,Halton,,14.8,15,15.3,15.5,15.8,15.7,15.9,16.1,16.7,16.9,17,17.1,17.3
E06000007,,Warrington,,15.4,15.5,15.9,16.1,16.1,16.4,17,17.3,17.7,17.5,17.7,17.7,17.8
E10000006,,Cumbria ,,16.2,16.4,16.6,16.8,17.2,17.5,17.7,18,18.2,18.4,18.6,18.7,18.8
E07000026,,,Allerdale,15.8,16.2,16.4,16.4,16.7,17.1,17.6,17.6,17.8,17.8,18.3,18.6,18.9
E07000027,,,Barrow-in-Furness,15.2,15.6,16,16.2,16,16.2,16.9,17.8,17.9,18,17.7,17.7,17.4
E07000028,,,Carlisle,15.8,15.9,16.1,16.4,16.8,17.2,17.1,17.4,17.9,18.2,18.4,18.2,18.6
E07000029,,,Copeland,15.9,15.7,15.7,16,16.5,17.3,17.5,17.7,17.7,17.6,17.6,17.7,17.8
E07000030,,,Eden,17.2,17,17.1,17.3,17.7,17.8,18,18.2,18.8,19.1,19.4,19.8,19.7
E07000031,,,South Lakeland,17.2,17.5,18,18.2,18.7,18.8,18.9,18.9,19.1,19.5,19.6,19.8,19.8
E11000001,,Greater Manchester (Met County),,15.1,15.3,15.6,15.9,16.1,16.3,16.5,16.7,17,17.3,17.5,17.5,17.6
E08000001,,,Bolton,15.5,15.7,15.7,16.1,16.1,16.5,16.6,17.2,17.4,17.3,17.3,17.4,17.7
E08000002,,,Bury,15.5,15.7,16,16.2,16.5,16.3,16.8,17,17.5,17.6,17.8,17.8,17.7
E08000003,,,Manchester,14.2,14.6,14.8,15,15,15.2,15.3,15.4,15.4,15.7,15.9,15.9,15.8
E08000004,,,Oldham ,15,14.9,15.1,15.5,15.7,15.9,16.1,16.3,16.7,17,17.3,17.4,17.2
E08000005,,,Rochdale,15.1,15.1,15.3,15.5,15.8,16.1,16.5,16.8,17,17.3,17.6,17.5,17.5
E08000006,,,Salford,14.4,14.5,14.8,15.4,15.6,15.8,15.6,15.6,16.1,16.6,17.1,17.1,17.1
E08000007,,,Stockport,16,16.4,16.7,16.9,17.1,17.5,17.7,18.1,18.4,18.8,19,19.2,19.1
E08000008,,,Tameside,14.8,15,15.2,15.5,15.7,15.9,16.1,16.4,16.7,16.9,17,17.2,17.2
E08000009,,,Trafford,16.5,16.9,16.7,17.2,17.4,17.9,18.1,18.1,18.4,18.5,18.8,18.9,18.9
E08000010,,,Wigan,14.8,15,15.2,15.5,15.8,16,16.2,16.5,16.9,17.1,17.3,17.3,17.5
E10000017,,Lancashire,,15.8,16,16.3,16.7,16.9,17.1,17.3,17.5,17.7,17.9,18,18.1,18.2
E07000117,,,Burnley,15.1,14.9,15.6,16,16.5,16.6,16.8,17,16.9,16.8,16.8,17,17.2
E07000118,,,Chorley,15.5,15.7,15.9,16.3,16.8,17.3,17.4,17.6,17.7,18.1,18.3,18.3,18.5
E07000119,,,Fylde,16.5,16.7,17.1,17.2,17.6,17.9,18.1,18.4,18.4,18.7,18.5,18.6,18.7
E07000120,,,Hyndburn,15,15.4,15.8,16.3,16.5,16.3,16.1,16.3,16.8,17.3,17,17.2,17.1
E07000121,,,Lancaster,15.7,16.2,16.6,17,17.1,17.1,17.3,17.4,17.5,17.5,17.8,18.1,18.3
E07000122,,,Pendle,16.2,16.1,16,16.3,16.7,17.2,17.7,17.9,18.1,18.2,18.3,18.2,18.3
E07000123,,,Preston,15.4,15.8,15.8,16.1,16,16.2,16.5,16.9,17.3,17.5,17.3,17.3,17.3
E07000124,,,Ribble Valley,16.8,16.9,17.2,17.3,17.7,18,17.9,17.9,18.1,18.7,19.1,19.1,19.4
E07000125,,,Rossendale,15.2,15.2,15.4,15.9,15.9,16.1,15.9,16.5,16.5,17.2,17.4,17.6,17.8
E07000126,,,South Ribble,16.1,16.6,17,17.5,17.4,17.5,17.8,18.3,18.7,18.9,19.1,19.3,19.2
E07000127,,,West Lancashire,15.4,15.8,16.2,16.6,16.9,17.2,17.4,17.3,17.6,17.9,18.1,18.2,18.1
E07000128,,,Wyre,16.3,16.3,16.5,16.9,17.1,17.5,17.6,18.1,18.2,18.2,18.3,18.3,18.6
E11000002,,Merseyside (Met County),,15.1,15.4,15.7,16,16.2,16.3,16.5,16.7,17.1,17.4,17.5,17.6,17.5
E08000011,,,Knowsley ,14.7,14.9,14.9,15.2,15.5,15.8,16.1,16.4,16.7,17.1,17.1,17.1,16.9
E08000012,,,Liverpool,14.3,14.5,14.9,15.3,15.5,15.5,15.7,15.9,16.3,16.5,16.8,16.9,16.8
E08000014,,,Sefton,15.8,16.2,16.5,16.9,17.1,17.2,17.4,17.4,17.6,17.7,18.1,18.3,18.3
E08000013,,,St. Helens,14.9,15.2,15.5,15.9,16,16.2,16.4,16.9,17.4,17.8,17.7,17.7,17.5
E08000015,,,Wirral,15.9,16.2,16.4,16.5,16.6,16.7,16.9,17.4,17.7,17.9,17.8,17.9,17.9
E12000003,YORKSHIRE AND THE HUMBER,,,15.9,16.1,16.4,16.7,16.9,17.1,17.3,17.4,17.7,17.9,17.9,18.1,18.1
E06000011,,East Riding of Yorkshire,,16.4,16.6,16.9,17.4,17.8,17.9,18.1,18.1,18.3,18.5,18.6,18.8,18.7
E06000010,,"Kingston upon Hull, City of",,15.2,15.4,15.5,15.7,15.8,15.9,16,16.3,16.4,16.8,16.8,16.8,16.7
E06000012,,North East Lincolnshire,,15.5,15.8,16.1,16.5,16.5,16.5,16.6,16.9,17.5,17.7,17.7,17.8,17.9
E06000013,,North Lincolnshire,,15.8,16.1,16.3,16.8,17.1,17.3,17.3,17.6,17.8,17.9,17.7,17.9,18.1
E06000014,,York,,16.5,17,17.2,17.5,17.8,18.2,18.5,18.6,18.5,18.4,18.3,18.7,18.9
E10000023,,North Yorkshire,,16.9,17.1,17.3,17.6,17.9,18.1,18.3,18.5,18.7,18.9,19,19.2,19.2
E07000163,,,Craven,17.7,17.8,18,18.2,18.4,18.2,18.4,18.5,18.8,19.4,19.6,19.9,19.6
E07000164,,,Hambleton,17.1,17.6,17.6,18.1,18.1,18.9,19.2,19.4,19.3,19.5,19.8,19.7,19.6
E07000165,,,Harrogate,16.9,17,17.5,17.8,18.3,18.2,18.4,18.5,19,19.2,19.3,19.5,19.5
E07000166,,,Richmondshire,16.7,16.8,17.5,17.8,18.4,18.1,17.9,17.8,18.5,18.9,19.2,19.4,19.5
E07000167,,,Ryedale,17.5,17.4,17.3,17.6,17.7,18.2,18.4,18.7,18.9,18.8,19.1,19.3,19.6
E07000168,,,Scarborough,16.8,16.8,16.9,17.1,17.2,17.4,17.6,18,18,18.4,18.3,18.4,18.2
E07000169,,,Selby,16,16.4,16.8,17,17.3,17.5,18,18.5,18.6,18.5,18.3,18.5,18.8
E11000003,,South Yorkshire (Met County),,15.6,15.8,16.1,16.4,16.7,16.8,16.9,17.1,17.4,17.6,17.8,18,18.1
E08000016,,,Barnsley,14.9,15.1,15.5,15.8,16.1,16.1,16.4,16.7,17.1,17.4,17.7,17.9,17.8
E08000017,,,Doncaster,15.6,15.6,15.9,16.1,16.5,16.7,16.9,17.1,17.2,17.3,17.4,17.6,17.8
E08000018,,,Rotherham ,15.5,15.6,16.1,16.3,16.5,16.5,16.5,16.7,17.1,17.4,17.7,17.9,18.1
E08000019,,,Sheffield,16,16.3,16.5,16.8,17.1,17.3,17.4,17.5,17.8,17.9,18.1,18.2,18.3
E11000006,,West Yorkshire (Met County),,15.8,15.9,16.2,16.4,16.7,16.8,17,17.2,17.5,17.6,17.6,17.8,17.8
E08000032,,,Bradford ,15.6,15.7,16,16.2,16.5,16.6,16.9,17.2,17.5,17.5,17.6,17.6,17.5
E08000033,,,Calderdale,15.8,15.7,16,16.2,16.8,17,17.3,17.2,17.2,17.3,17.5,17.8,17.9
E08000034,,,Kirklees ,15.6,15.7,16.1,16.5,16.9,17,17,17.3,17.6,17.9,17.9,18,18
E08000035,,,Leeds ,16.1,16.4,16.6,16.8,16.9,17,17.2,17.4,17.6,17.5,17.6,17.8,17.8
E08000036,,,Wakefield,15.3,15.6,15.9,16.1,16.4,16.5,16.8,17,17.3,17.5,17.6,17.6,17.6
E12000004,EAST MIDLANDS,,,16.2,16.4,16.7,17,17.2,17.3,17.6,17.8,18,18.2,18.4,18.5,18.5
E06000015,,Derby ,,16.2,16.4,16.7,16.8,16.8,16.9,17.2,17.4,18,18.1,18.2,18,17.9
E06000016,,Leicester,,15.2,15.6,15.7,16.1,16.1,16.2,16.4,16.5,16.9,17.2,17.2,17.1,16.9
E06000018,,Nottingham,,14.9,15.2,15.4,15.8,15.8,15.9,16.1,16.3,16.6,16.7,16.8,17,16.9
E06000017,,Rutland ,,18,18.3,18.6,19.7,19.2,19.5,19.3,20,19.8,19.9,19.9,20.3,20.2
E10000007,,Derbyshire,,15.9,16.1,16.5,16.8,17,17.2,17.6,17.8,18.1,18.2,18.2,18.3,18.3
E07000032,,,Amber Valley,15.6,15.9,16.4,17,17.4,17.4,17.6,17.9,18,18.2,18.1,18.3,18.3
E07000033,,,Bolsover,15.2,15.1,15.4,15.8,15.9,16,16.3,16.9,17.2,17.1,17.1,17,17
E07000034,,,Chesterfield,15.2,15.6,16.1,16.7,16.8,17,17.1,17,17.3,17.6,17.8,18,17.7
E07000035,,,Derbyshire Dales,16.9,17.1,17.4,17.7,18.2,18.4,18.8,19,19.1,19.2,19.1,19.1,19.1
E07000036,,,Erewash,16,16.2,16.5,16.5,16.8,17.1,17.9,17.9,18.4,18.2,18.5,18.3,18.4
E07000037,,,High Peak,16.5,16.9,16.9,17.2,17.2,17.5,17.5,17.9,18.2,18.5,18.4,18.6,18.7
E07000038,,,North East Derbyshire,16.3,16.4,16.8,17,17.1,17.3,17.6,18.2,18.4,18.7,18.8,19.1,19
E07000039,,,South Derbyshire,15.8,16,16.3,16.7,17,17.3,17.7,18,18.1,17.9,18,18.1,18
E10000018,,Leicestershire,,16.9,17,17.1,17.5,17.8,18.1,18.3,18.3,18.6,18.8,19,19.1,19.2
E07000129,,,Blaby,17.4,17.2,17.7,18.2,18.7,18.7,18.7,18.5,18.8,19.3,19.4,19.4,19.3
E07000130,,,Charnwood,16.8,16.9,16.9,17.1,17.4,18,18.5,18.4,18.4,18.5,19,19.2,19.5
E07000131,,,Harborough,17.2,17.6,17.4,18,18,18.5,18.4,18.8,19.1,19.2,19.2,19.2,19.3
E07000132,,,Hinckley and Bosworth,17,16.9,17.3,17.6,18.1,18.1,18,18.1,18.3,18.5,18.8,18.9,19
E07000133,,,Melton,16.5,16.8,17.2,17.4,17.7,17.9,18.7,19.1,19.1,19.1,19.1,19.5,19.7
E07000134,,,North West Leicestershire,16,16.3,16.4,16.8,17.1,17.3,17.6,17.6,18.2,18.4,18.5,18.5,18.7
E07000135,,,Oadby and Wigston,17.7,17.5,17.3,17.4,18.1,18.3,18.6,18.4,18.6,18.9,18.8,18.9,18.7
E10000019,,Lincolnshire ,,16.7,16.9,17.1,17.2,17.5,17.6,17.8,18,18.2,18.4,18.5,18.7,18.8
E07000136,,,Boston,16.5,16.6,16.7,17,17,17,16.8,17.4,18,18.6,18.2,18.2,18.4
E07000137,,,East Lindsey,16.7,16.9,17.2,17.2,17.5,17.7,17.8,17.8,17.9,17.9,18.2,18.4,18.6
E07000138,,,Lincoln,15.9,16.3,16.3,16.6,16.8,17,17.2,17.4,17.3,17.6,17.4,17.7,17.3
E07000139,,,North Kesteven,16.9,16.9,17.2,17.4,17.8,17.5,17.9,18.4,18.8,18.9,18.9,19.4,19.6
E07000140,,,South Holland,16.7,17,17.4,17.5,17.8,17.5,17.6,17.9,18.7,19,19,18.8,18.8
E07000141,,,South Kesteven,17.2,17.4,17.5,17.5,17.5,17.8,18.1,18.4,18.5,18.6,18.8,19.1,19.2
E07000142,,,West Lindsey,16.5,16.9,16.8,17,17.5,18.1,18.4,18.6,18.3,18.6,18.6,19.2,19.2
E10000021,,Northamptonshire ,,16.2,16.4,16.7,17.2,17.3,17.5,17.7,18,18.2,18.3,18.5,18.7,18.8
E07000150,,,Corby,15.3,15.6,15.7,16.1,16,16.5,16.5,16.6,16.3,16.9,17.2,17.5,17.4
E07000151,,,Daventry,16.2,16.5,16.7,17.6,17.8,17.9,18,18.5,18.6,18.5,18.7,18.9,19.4
E07000152,,,East Northamptonshire,16.8,16.8,16.8,17.3,17.7,17.8,17.9,18,18.5,18.7,18.9,19.2,19.1
E07000153,,,Kettering,16.1,16.3,16.7,17.1,17.3,17.6,17.8,18,18,18,18.2,18.3,18.7
E07000154,,,Northampton,16,16.1,16.6,17,17.1,17.1,17.5,17.4,17.7,17.6,18,18.2,18.3
E07000155,,,South Northamptonshire,17,17.4,17.8,18.3,18.2,18.3,18.6,19.1,19.4,19.7,19.7,19.9,19.6
E07000156,,,Wellingborough,16.3,16.3,16.8,17.2,17.1,17.1,17.6,18.3,18.9,19.1,19,19.2,18.8
E10000024,,Nottinghamshire,,16,16.2,16.5,16.9,17,17.2,17.4,17.5,17.9,18.1,18.4,18.5,18.5
E07000170,,,Ashfield,15,15.2,15.4,15.7,16.1,16.4,16.8,16.6,17,17,17.8,17.6,17.7
E07000171,,,Bassetlaw,15.4,15.8,16.3,16.7,16.9,17,17.2,17.3,17.6,17.9,18,18.2,18.1
E07000172,,,Broxtowe,16.4,16.9,17,17.3,17.2,17.4,17.6,17.8,18.1,18.4,19,19.1,19.2
E07000173,,,Gedling,16.9,16.9,17.1,17.4,17.4,17.5,17.8,18,18.4,18.6,18.6,18.5,18.2
E07000174,,,Mansfield,15.4,15.6,15.6,16.1,16.1,16.5,16.8,17.2,17.4,17.6,17.8,18.1,18
E07000175,,,Newark and Sherwood,16,16.5,16.7,16.9,17.2,17.2,17.5,17.4,17.9,17.9,18.3,18.7,19.2
E07000176,,,Rushcliffe,16.9,17.1,17.6,17.9,18.2,18.3,18.4,18.5,19,19.1,19.4,19.4,19.5
E12000005,WEST MIDLANDS,,,16,16.2,16.4,16.7,16.9,17.2,17.4,17.7,18.1,18.2,18.3,18.4,18.4
E06000019,,"Herefordshire, County of",,17,17.2,17.3,17.6,17.6,17.9,18.3,18.5,18.7,18.8,19.1,19.4,19.3
E06000051,,Shropshire,,16.6,16.9,17.3,17.7,18,18.3,18.3,18.3,18.6,18.9,18.9,19.1,19.1
E06000021,,Stoke-on-Trent,,14.7,14.8,15.1,15.5,15.6,15.9,16,16.6,16.9,17,16.9,16.9,16.9
E06000020,,Telford and Wrekin,,15.8,16.1,16.2,16.5,16.6,17.1,16.9,17.1,17.2,17.6,17.9,18.1,18.1
E10000028,,Staffordshire,,15.9,16.1,16.3,16.7,17,17.3,17.5,17.8,18.2,18.5,18.5,18.5,18.6
E07000192,,,Cannock Chase,15.5,15.6,15.2,15.3,15.9,16.4,16.9,17.1,17.9,17.9,18.2,18.2,18.1
E07000193,,,East Staffordshire,15.3,15.8,16.2,16.4,16.6,16.8,17.1,17.3,17.8,18.1,18.1,18,18
E07000194,,,Lichfield,16,16.2,16.7,17.3,17.6,17.6,17.7,17.7,18.2,18.4,18.4,18.5,18.7
E07000195,,,Newcastle-under-Lyme,16,16.1,16.3,16.5,16.5,16.9,17.2,17.9,18.1,18.3,17.7,18.1,18.2
E07000196,,,South Staffordshire,16.3,16.4,16.5,16.7,17.1,17.7,17.9,17.7,18.1,18.5,18.7,18.7,18.8
E07000197,,,Stafford,16.6,16.6,16.9,17,17.4,17.8,18.1,18.4,18.9,19.4,19.4,19.4,19.3
E07000198,,,Staffordshire Moorlands,15.9,16.1,16.4,17,17.3,17.5,17.8,18,18.5,18.7,18.6,18.7,18.8
E07000199,,,Tamworth,15.1,15.9,16.6,17,17,17.3,17.6,17.8,18,18.2,18.4,18.3,18.3
E10000031,,Warwickshire,,16.5,16.7,16.8,17.1,17.5,17.8,17.9,18.2,18.5,18.7,18.9,19,19.1
E07000218,,,North Warwickshire,15.9,16.3,16.5,16.7,16.6,16.7,17,17.2,17.6,17.8,18,18.2,18.2
E07000219,,,Nuneaton and Bedworth,15.7,15.8,15.6,15.8,16.3,16.8,17.3,17.4,17.5,17.6,17.8,17.8,17.9
E07000220,,,Rugby,16.5,16.7,16.7,17.3,17.8,18.1,18.1,18.3,18.8,19.1,19,19.1,19.1
E07000221,,,Stratford-on-Avon,17.1,17.2,17.4,17.7,17.9,18.2,18.4,19.2,19.4,19.6,19.7,19.9,19.9
E07000222,,,Warwick,17.1,17.1,17.4,17.8,18.5,18.5,18.3,18.4,18.9,19.2,19.2,19.5,19.9
E11000005,,West Midlands (Met County),,15.7,15.9,16.1,16.4,16.6,16.8,17.1,17.4,17.8,17.9,17.9,18,18
E08000025,,,Birmingham,15.4,15.6,15.9,16.2,16.4,16.6,17,17.2,17.6,17.7,17.8,17.7,17.6
E08000026,,,Coventry,15.9,15.8,16,16.4,16.7,17,17.3,17.6,17.9,18.1,18,18.2,18.3
E08000027,,,Dudley ,15.8,16.1,16.3,16.6,16.8,17.1,17.4,17.8,18.1,18.2,18.4,18.4,18.4
E08000028,,,Sandwell ,14.8,15.2,15.5,15.7,15.7,16,16.2,16.6,16.7,17,16.9,17.1,17.2
E08000029,,,Solihull,17,17.3,17.7,17.7,17.8,17.9,18.6,19.1,19.4,19.2,19,19.3,19.5
E08000030,,,Walsall,16,16.1,16.3,16.5,16.6,16.6,16.9,17.2,17.7,18,18,18,17.8
E08000031,,,Wolverhampton,15.9,16,16.1,16.3,16.6,16.8,17.2,17.3,17.5,17.6,17.8,17.7,17.6
E10000034,,Worcestershire,,16.6,17,17.2,17.5,17.7,17.9,18.1,18.3,18.7,18.8,18.9,18.9,19
E07000234,,,Bromsgrove,16.5,16.8,17,17.5,17.7,17.8,18,18.3,19.1,18.7,18.6,18.4,18.5
E07000235,,,Malvern Hills,17,17.2,17.4,17.9,18.1,18.3,18.5,18.8,19,19.1,19.1,19.3,19.5
E07000236,,,Redditch,16.6,16.8,16.5,16.6,16.9,17,17.5,17.4,17.9,18.1,18.1,18.5,18.5
E07000237,,,Worcester,16,16.6,17.1,17.8,17.4,17,17,17.2,17.8,18.1,18.5,18.7,18.5
E07000238,,,Wychavon,17.3,17.8,17.8,18,18,18.5,19,19.2,19.6,19.7,20,19.8,19.9
E07000239,,,Wyre Forest,16.2,16.5,16.9,17.4,17.9,18,18,18.1,18.4,18.6,18.4,18.6,18.7
E12000006,EAST,,,16.8,17,17.3,17.6,17.8,18,18.3,18.5,18.8,18.9,19.1,19.2,19.2
E06000055,,Bedford,,16.8,16.9,17.1,17.4,17.8,18,18.1,18.3,18.6,18.8,19.1,19.2,19.3
E06000056,,Central Bedfordshire,,16.6,16.8,16.8,17.2,17.6,18,18,18.2,18.7,19,19.3,19.6,19.8
E06000032,,Luton,,16,16.1,16.2,16.6,16.8,17,17.1,17.5,17.9,17.8,18,18.1,18.6
E06000031,,Peterborough,,15.7,16,16.4,16.7,16.9,17.1,17.5,17.7,17.8,17.8,18,18.3,18.5
E06000033,,Southend-on-Sea,,16.2,16.5,16.8,17.2,17.3,17.6,17.8,17.9,18,18.5,18.7,18.8,18.5
E06000034,,Thurrock,,15.7,15.9,16.4,17,16.9,16.8,16.9,17.2,17.6,17.8,17.7,18,17.9
E10000003,,Cambridgeshire,,17,17.2,17.5,17.7,17.9,18.1,18.4,18.7,19.1,19.4,19.5,19.5,19.4
E07000008,,,Cambridge,17.4,17.6,17.5,17.5,17.5,17.5,17.9,18.3,18.9,19,18.9,19,18.9
E07000009,,,East Cambridgeshire,17.3,17.5,17.6,17.9,18,18.2,18.5,18.9,19.2,19.8,20.1,20.4,20.1
E07000010,,,Fenland,15.6,16.3,16.6,17.1,17.1,17.2,17.3,17.7,18.2,18.5,18.4,18.5,18.6
E07000011,,,Huntingdonshire,16.9,17.1,17.8,17.9,18.1,18.1,18.4,18.7,19,19.3,19.4,19.6,19.4
E07000012,,,South Cambridgeshire,18,17.8,18,18.1,18.8,19.4,19.9,19.6,19.9,20.2,20.4,20.1,20
E10000012,,Essex,,16.9,17.1,17.3,17.4,17.7,17.9,18.3,18.4,18.7,18.8,19,19.1,19
E07000066,,,Basildon,16.4,16.5,16.8,16.9,17.2,17.5,17.9,18,18.4,18.6,18.7,18.7,18.6
E07000067,,,Braintree,16.1,16.2,16.7,17.3,17.7,17.9,18.3,18,18.3,18.1,18.7,18.8,19
E07000068,,,Brentwood,18.2,18,18.1,18.2,18.6,18.4,18.7,19,20,19.8,20,19.6,19.6
E07000069,,,Castle Point,16.5,16.5,17.2,17.6,17.7,17.8,18.2,18.6,18.7,18.8,18.6,18.6,18.2
E07000070,,,Chelmsford,17.3,17.6,17.9,18.3,18.6,18.8,19.1,19.3,19.4,19.3,19.5,19.7,19.9
E07000071,,,Colchester,16.9,17.2,17.3,17.3,17.5,17.9,18.5,18.7,18.8,18.8,18.9,18.9,18.9
E07000072,,,Epping Forest,17.1,17.2,17.2,17,17.4,17.7,18.2,18.5,19,19.1,19.4,19.1,19.2
E07000073,,,Harlow,16.5,16.7,17,17.3,17.6,17.6,17.5,17.7,18,18.4,18.4,18.3,18.4
E07000074,,,Maldon,17.5,17.3,17.2,17.2,17.6,17.9,18.4,18.7,19.3,19.3,19.3,19.2,19
E07000075,,,Rochford,17.3,17.5,17.7,17.8,18.2,18,18.3,18.2,19.1,19.4,19.6,19.7,19.5
E07000076,,,Tendring,16.7,17,17.1,17.3,17.4,17.7,17.9,17.8,17.7,17.9,18.2,18.7,18.6
E07000077,,,Uttlesford,17.6,18,18.3,18,18.1,18,18.3,18.9,19.4,20,20.2,20.3,20
,,,,,,,,,,,,,,,,
E10000015,,Hertfordshire ,,16.8,17,17.4,17.6,18,18.1,18.5,18.6,18.8,18.9,19,19.2,19.2
E07000095,,,Broxbourne,16.3,16.7,17.1,17.9,18.3,18.4,18.6,19,19.1,19.1,19.1,19.4,19.8
E07000096,,,Dacorum,16.9,17.3,17.7,17.7,18.1,18.3,18.8,18.9,18.9,18.8,18.9,19.3,19.6
E07000242,,,East Hertfordshire,17.1,17.3,17.7,18.1,18.6,18.6,18.9,18.7,19,19.3,19.5,19.7,19.5
E07000098,,,Hertsmere,17.2,16.9,17.4,17.6,18.2,17.8,17.8,18.2,19,19.7,19.6,19.4,19.2
E07000099,,,North Hertfordshire,16.3,17,17.1,17.3,17.6,17.7,18.3,18.3,18.6,18.5,18.6,18.8,19
E07000240,,,St Albans,17.4,17.4,17.7,17.9,18.2,18.5,19.2,19.3,19.4,19.5,19.8,20.3,20.2
E07000243,,,Stevenage,16.5,16.6,16.6,16.9,17.2,17,17.1,17.3,17.7,18,18.2,17.9,17.8
E07000102,,,Three Rivers,16.9,17,17.8,18.2,18.5,18.7,19,19,19.1,18.8,19,19.1,19.4
E07000103,,,Watford,16,16.2,16.6,16.8,17,17.1,17.6,17.9,18.2,17.8,17.8,17.8,17.8
E07000241,,,Welwyn Hatfield,17.1,17,17.5,17.5,17.9,18.2,18.5,18.6,18.5,18.8,19,19,19
E10000020,,Norfolk ,,17.1,17.4,17.5,17.8,18,18.3,18.5,18.6,18.9,19.1,19.2,19.3,19.3
E07000143,,,Breckland,16.9,17.3,17.5,17.8,17.8,17.9,18,18.2,18.6,18.9,19.2,19.4,19.4
E07000144,,,Broadland,17.5,17.6,17.8,17.8,17.9,18.1,18.3,18.7,19.1,19.5,19.5,19.4,19.3
E07000145,,,Great Yarmouth,16.3,16.3,16.5,16.8,17,17.5,17.9,18.3,18.3,18.1,17.8,17.9,18.1
E07000146,,,King’s Lynn and West Norfolk,17,17.3,17.4,17.6,18,18.5,18.7,18.6,18.8,18.9,19,19.2,19.2
E07000147,,,North Norfolk,17.5,17.8,17.8,18.2,18.3,18.5,18.6,18.9,19.3,19.4,19.4,19.5,19.5
E07000148,,,Norwich,16.8,17.1,17.4,17.4,17.8,18,18.3,18.3,18.5,18.9,19.1,19.5,19.2
E07000149,,,South Norfolk,18,18.2,18.4,18.7,18.9,19.2,19.2,19.4,19.6,19.8,20.1,20.1,20.1
E10000029,,Suffolk,,17.1,17.2,17.6,17.9,18.2,18.3,18.6,18.8,19,19.3,19.4,19.5,19.5
E07000200,,,Babergh,17.7,17.7,17.8,17.9,18.1,18.1,18.4,18.8,19.2,19.7,19.8,20,19.7
E07000201,,,Forest Heath,16.4,16.7,17.1,18,18.1,18.2,18.3,18.9,19.4,19.1,18.9,18.7,19.2
E07000202,,,Ipswich,16.3,16.5,17.4,17.6,17.7,17.7,17.6,17.9,18.1,18.5,18.6,18.5,18.3
E07000203,,,Mid Suffolk,17.1,17.3,17.8,18.3,18.6,18.6,18.8,18.9,19.2,19.5,19.4,19.6,19.7
E07000204,,,St Edmundsbury,16.9,17.1,17.3,17.5,18.1,18.6,19.1,19.3,19.6,19.6,19.6,19.7,20.1
E07000205,,,Suffolk Coastal,17.6,17.9,18.1,18.3,18.6,18.8,19.3,19.1,19.2,19.6,19.8,20.1,19.8
E07000206,,,Waveney,17.2,17.3,17.4,17.8,17.9,18.1,18.1,18.5,18.7,18.8,19.1,19.3,19.1
E12000007,LONDON,,,16.3,16.6,16.9,17.2,17.5,17.7,17.9,18.2,18.5,18.7,18.9,19,19.1
E13000001,,Inner London,,,,,,,,,,,,,,
E09000007,,,Camden,16.3,16.5,16.6,16.9,17.3,17.7,17.9,18.4,19.2,19.7,19.8,20.1,20.3
E09000001,,,City of London,..,..,..,..,..,..,..,..,..,..,..,..,..
E09000012,,,Hackney ,16.3,16.5,16.5,16.3,16.5,16.8,17.7,17.9,18.1,17.9,18.3,18.5,18.6
E09000013,,,Hammersmith and Fulham ,16.4,16.8,17,18,17.4,17.1,16.9,17.8,18.1,18.4,18.2,18.6,18.3
E09000014,,,Haringey,15.5,15.8,16.3,17,17,17.1,17.4,18.1,18.7,18.9,19.2,19.2,19.2
E09000019,,,Islington,15.3,15.9,16.3,16.1,16.3,16.4,16.8,17.3,17.4,17.5,17.3,17.8,18.2
E09000020,,,Kensington and Chelsea,18.7,19.2,19.5,20.3,20.5,20.5,20.5,20.5,20.5,20.5,20.5,21.1,21.4
E09000022,,,Lambeth ,15.6,15.9,16.3,16.5,16.7,16.6,17,17.2,17.8,17.9,17.9,18.2,18.2
E09000023,,,Lewisham ,15.3,15.6,15.6,15.9,16.2,16.2,16.4,16.7,17.4,17.7,18,18.3,18.3
E09000025,,,Newham ,15,15.6,16,16.3,16.5,16.5,16.5,16.6,17.4,17.6,18,18,18.3
E09000028,,,Southwark,15.8,16,16.2,16.8,17.2,17.4,17.3,17.1,17.5,17.8,18,18.2,18.3
E09000030,,,Tower Hamlets,14.8,15.3,15.5,15.6,15.7,15.8,16.2,16.4,16.8,16.9,17.2,17.4,17.7
E09000032,,,Wandsworth,15.8,16.2,16.3,16.4,16.5,16.8,16.9,17.2,17.7,18,18.1,18.2,18.5
E09000033,,,Westminster,17.5,17.6,18.1,19.1,19.8,20.5,20.5,20.6,20.4,20.3,20.5,20.9,21.1
E13000002,,Outer London,,,,,,,,,,,,,,
E09000002,,,Barking and Dagenham,14.7,15,15,15.7,16,16.4,16.5,16.9,17,17.4,17.3,17.4,17.2
E09000003,,,Barnet,17.3,17.6,17.9,18.3,18.6,18.8,18.9,19,19.3,19.7,20,20.1,20.1
E09000004,,,Bexley,16.7,17,17.4,17.6,17.9,18.1,18.1,18.4,18.6,18.8,18.8,18.8,18.6
E09000005,,,Brent ,16.8,17.1,17.5,18.2,18.4,18.6,18.5,18.7,19.1,18.9,19,19,19
E09000006,,,Bromley,17.1,17.4,17.8,18.1,18.3,18.5,18.5,18.8,19,19.3,19.4,19.5,19.5
E09000008,,,Croydon,16.8,16.9,17.3,17.7,17.9,18,18.3,18.3,18.5,18.4,18.9,19,19.2
E09000009,,,Ealing,16.3,16.5,16.7,17.4,17.8,18.2,18.3,18.4,18.5,18.7,19,19.3,19.6
E09000010,,,Enfield,16.5,16.7,17.1,17.5,17.9,17.9,18.1,18.4,18.7,19.2,19.2,19.3,19
E09000011,,,Greenwich,15.3,15.3,15.2,15.6,15.9,16.3,16.5,16.9,17.3,17.5,17.6,17.8,18
E09000015,,,Harrow,17.8,18,18.2,18.4,18.6,19.2,19.8,20.2,20.4,20.5,20.7,20.9,20.9
E09000016,,,Havering,16.2,16.4,16.7,17,17.2,17.5,17.7,17.9,18.2,18.4,18.5,18.8,18.9
E09000017,,,Hillingdon,16.7,16.6,17,17,17.5,17.7,18.2,18.4,18.7,18.7,18.9,18.9,19.3
E09000018,,,Hounslow,15.7,15.8,16.2,16.6,17,17.4,17.8,18.1,18.4,18.4,18.6,18.5,18.6
E09000021,,,Kingston upon Thames,16.9,17.3,17.3,17.6,17.8,18.3,18.7,19.1,19.3,19.4,19.3,19.7,19.7
E09000024,,,Merton,16.7,17.1,17.4,18.1,18.3,18.3,18.6,18.7,19.1,19,18.9,18.8,18.8
E09000026,,,Redbridge,16.6,16.8,17,17.4,17.8,18.2,18.4,18.5,18.7,18.9,19.2,19.4,19.1
E09000027,,,Richmond upon Thames,17.3,17.4,17.7,17.9,18.3,18.5,19.2,19.4,19.6,19.5,19.8,20.2,20.2
E09000029,,,Sutton,16.8,17.3,17.4,17.7,17.7,18,18.2,18.5,18.7,18.9,19.1,19.1,19.1
E09000031,,,Waltham Forest,15.3,15.7,16.1,16.1,16.5,16.9,17.4,17.8,18.2,18.6,18.9,18.7,18.6
E12000008,SOUTH EAST,,,16.9,17.1,17.4,17.7,18,18.2,18.4,18.6,18.9,19,19.1,19.2,19.2
E06000036,,Bracknell Forest,,16.7,17,16.9,17.3,17.4,17.9,18.2,18.7,19.4,19.3,19.3,19.1,19.4
E06000043,,Brighton and Hove,,16.2,16.7,16.8,17,17.1,17.3,17.6,17.8,18.3,18.3,18.5,18.6,18.8
E06000046,,Isle of Wight,,16.6,16.9,17.5,17.8,18.1,18.2,18.4,18.5,18.8,18.8,18.9,18.9,19
E06000035,,Medway,,15.5,15.8,16,16.2,16.4,16.6,17.1,17.3,17.6,17.6,17.8,18,18
E06000042,,Milton Keynes,,16,16.1,16.4,16.8,17.2,17.5,17.5,17.6,17.8,17.8,18,18.1,18.1
E06000044,,Portsmouth,,16,16.1,16.3,16.5,16.8,16.9,17.3,17.5,17.4,17.6,17.7,17.7,17.6
E06000038,,Reading,,16.4,16.5,16.7,17.1,17.5,17.8,17.7,17.7,17.8,17.9,18,18.1,18.3
E06000039,,Slough,,16.4,16.8,17.3,17.4,17.7,17.9,18.1,18.5,18,17.9,17.8,18,18
E06000045,,Southampton,,16.2,16.2,16.5,16.8,17.1,17.1,17.5,17.8,18.3,18.1,17.9,17.6,17.9
E06000037,,West Berkshire,,17,17.5,17.9,18.4,18.4,18.5,18.6,18.9,19,19.2,19.3,19.5,19.6
E06000040,,Windsor and Maidenhead,,16.8,16.8,17.2,17.4,18.1,18.1,18.2,18.3,18.9,19.3,19.3,19.3,19.6
E06000041,,Wokingham,,17.2,17.9,18.2,18.6,19,19.2,19.5,19.4,19.8,19.7,19.7,19.6,19.6
E10000002,,Buckinghamshire,,17.1,17.4,17.7,18,18.4,18.9,19.1,19.1,19.1,19.4,19.6,19.7,19.8
E07000004,,,Aylesbury Vale,16.9,17.1,17.2,17.5,18,18.6,18.7,18.5,18.4,18.7,19,19.3,19.2
E07000005,,,Chiltern,17.2,17.9,18.6,18.6,18.7,19.1,19.5,19.7,20,20.2,20.3,20.5,20.5
E07000006,,,South Bucks,17.4,17.5,17.8,18.1,18.9,19.2,19.4,19.4,19.4,19.3,19.2,19.3,19.5
E07000007,,,Wycombe,17.1,17.5,17.5,18.2,18.5,19,19,19.1,19.4,19.7,20,20,20.2
E10000011,,East Sussex,,17.2,17.3,17.7,18,18.3,18.5,18.7,18.7,19,19.1,19.2,19.3,19.3
E07000061,,,Eastbourne,16.8,17.1,17.5,17.9,18.2,18.4,18.6,18.3,18.7,18.6,19.1,19,19.4
E07000062,,,Hastings,15.8,16.1,16.7,16.6,16.7,16.7,17,17.4,17.5,17.9,17.7,17.8,17.6
E07000063,,,Lewes,17.9,18.1,18.4,18.8,19.2,19.3,19.5,19.5,19.6,19.7,19.6,19.7,19.8
E07000064,,,Rother,17.1,17.1,17.6,17.9,18.3,18.5,18.7,18.7,19.1,19.2,19.2,19.1,19.3
E07000065,,,Wealden,17.8,17.8,18.1,18.2,18.7,18.9,19.2,19.2,19.3,19.4,19.6,19.9,19.8
E10000014,,Hampshire,,17.2,17.4,17.7,18.1,18.3,18.5,18.7,19,19.2,19.4,19.5,19.5,19.6
E07000084,,,Basingstoke and Deane,16.5,16.4,17.1,17.6,17.9,18.2,18.5,18.8,18.9,19.3,19.6,19.5,18.9
E07000085,,,East Hampshire,16.9,17.3,17.7,18.1,18.4,18.4,18.7,18.9,19.3,19.5,19.7,19.8,20
E07000086,,,Eastleigh,16.6,16.7,17.3,17.8,18.1,17.9,18.2,18.9,19.6,19.6,19.4,19.5,19.8
E07000087,,,Fareham,17.6,17.9,18.1,18.5,18.7,19.1,19.1,19,19,19.1,19,19.2,19.5
E07000088,,,Gosport,15.9,16.3,16.4,16.8,16.9,17.5,18.3,18.3,18.4,18,18,18.1,18.5
E07000089,,,Hart,17.9,18.2,18.2,18.8,19,19.4,19.2,19.5,19.9,20.3,20.3,20,20.1
E07000090,,,Havant,16.9,16.9,17.1,17.8,18.3,18.5,18.7,18.7,18.9,18.8,18.8,19.2,19.3
E07000091,,,New Forest,18.3,18.3,18.4,18.7,18.9,19.1,19.2,19.4,19.9,20.1,20.3,20.3,20.3
E07000092,,,Rushmoor,16.2,16.7,17.4,17.4,17.5,17.6,17.6,17.6,18.1,18.3,18,18.1,18.2
E07000093,,,Test Valley,16.7,17.4,17.5,17.8,17.6,18,18.2,18.9,18.9,19.2,19.3,19.7,19.7
E07000094,,,Winchester,17.9,18,18,18.7,18.6,18.9,19.3,19.7,19.7,19.8,20.1,20.1,19.9
E10000016,,Kent,,16.7,16.7,17,17.4,17.7,18,18.1,18.3,18.5,18.7,18.8,18.9,18.9
E07000105,,,Ashford,17.5,17.7,18.1,18.5,18.6,18.7,18.8,19,19.2,19.4,19.1,19.2,19.1
E07000106,,,Canterbury,16.6,16.5,17,17.6,18,18,18.1,18.3,18.4,18.8,19.1,19.3,19.2
E07000107,,,Dartford,16.3,16.2,16.3,16.7,17.3,17.9,17.9,17.9,18,17.9,17.8,17.9,17.8
E07000108,,,Dover,16.3,16.5,16.8,17.2,17.4,17.7,17.7,18.2,18.3,18.7,18.8,18.9,18.6
E07000109,,,Gravesham,16.6,16.7,16.9,17.4,17.5,17.8,17.8,18,18.3,18.6,18.8,18.8,18.8
E07000110,,,Maidstone,16.6,16.8,16.9,17.4,17.5,17.9,17.9,18.1,18.2,18.6,18.8,18.8,18.9
E07000111,,,Sevenoaks,17.9,18,18.2,18.5,18.7,19,19.2,19.5,19.6,19.8,19.6,19.7,19.5
E07000112,,,Shepway,16.6,16.7,17,17.6,17.9,18.1,18.1,18.4,18.6,18.8,18.9,19.1,18.8
E07000113,,,Swale,16.2,16.1,16.5,16.6,17,17,17.4,17.6,17.9,18.3,18.2,18.1,18
E07000114,,,Thanet,16,16.1,16.2,16.5,16.8,17.2,17.2,17.3,17.3,17.7,17.8,18.1,18.1
E07000115,,,Tonbridge and Malling,16.6,16.7,17.3,17.8,18.1,18.4,18.6,18.8,19,19,19.2,19.5,19.5
E07000116,,,Tunbridge Wells,17.5,17.6,17.8,18.2,18.5,18.8,19,19.5,19.6,19.6,19.5,19.8,20.1
E10000025,,Oxfordshire ,,17.1,17.3,17.6,17.8,18.2,18.4,18.6,18.8,19,19.1,19.3,19.4,19.6
E07000177,,,Cherwell,16.5,16.7,17.1,17.6,18.1,18.1,18.1,18.2,18.6,18.9,19.2,19,19.1
E07000178,,,Oxford,16.9,16.9,17.3,17.5,17.7,17.8,17.8,18,18.1,18.5,18.6,19.1,19.3
E07000179,,,South Oxfordshire,17.2,17.5,17.7,18,18.3,18.6,18.8,19.1,19.3,19.3,19.7,19.7,19.9
E07000180,,,Vale of White Horse,17.4,17.6,18.1,18.2,18.5,18.8,19.2,19.3,19.5,19.5,19.5,19.6,19.9
E07000181,,,West Oxfordshire,17.5,17.9,17.7,17.9,18.1,18.5,19,19.1,19.4,19.2,19.2,19.3,19.6
E10000030,,Surrey,,17.3,17.5,17.9,18.2,18.5,18.8,19.1,19.3,19.4,19.5,19.7,19.8,19.8
E07000207,,,Elmbridge,17.5,17.8,18.2,18.7,19,19.1,19.5,19.8,19.9,19.6,19.6,20,20.3
E07000208,,,Epsom and Ewell,17.1,17.6,17.9,18.1,18.5,19.4,19.9,19.9,20.1,20.2,20.3,19.9,19.8
E07000209,,,Guildford,17.9,17.8,18.3,18.8,19.3,19.2,19.4,19.6,19.9,19.9,20,20.2,20.1
E07000210,,,Mole Valley,17.4,17.3,18.1,18.4,18.8,19.1,19.2,19.4,19.5,19.7,20.1,20.1,20.2
E07000211,,,Reigate and Banstead,16.8,17.2,17.2,17.4,17.5,18.1,18.4,18.7,18.9,19.2,19.4,19.2,18.9
E07000212,,,Runnymede,16.7,17.1,17.5,17.8,18,18.4,19,19.2,19.2,19.3,19.4,19.8,19.6
E07000213,,,Spelthorne,17.5,17.7,17.6,17.5,17.7,18.3,18.7,18.9,18.7,18.8,18.9,19.2,18.8
E07000214,,,Surrey Heath,16.4,17.2,17.5,18.3,18.5,18.8,19,19,19.2,19.2,19.6,19.8,19.7
E07000215,,,Tandridge,17.8,18.1,18.2,18.5,18.8,19.1,19.1,19.2,19.3,19.3,19.3,19.5,19.8
E07000216,,,Waverley,17.7,17.8,18.1,18.6,18.9,19.1,19.3,19.3,19.8,20.1,20.6,20.6,20.2
E07000217,,,Woking,17.2,17.3,18.3,18.3,18.4,18,18.4,18.7,19.3,19.4,19.8,19.9,20.1
E10000032,,West Sussex,,17.3,17.4,17.7,18,18.2,18.3,18.4,18.7,19,19.2,19.3,19.3,19.3
E07000223,,,Adur,17.1,16.9,17,17.4,17.5,17.7,17.7,18.3,18.9,19.2,19.1,19.1,18.9
E07000224,,,Arun,17.3,17.4,17.5,17.7,17.8,18.1,18.2,18.4,18.7,19,19.2,19.3,19.3
E07000225,,,Chichester,17.7,17.9,18.2,18.3,18.4,18.4,18.5,18.9,19.2,19.5,19.7,19.7,19.4
E07000226,,,Crawley,18,18.5,18.8,19.3,19,19.1,19.2,19.2,18.7,18.5,18.8,19.1,19.2
E07000227,,,Horsham,17.4,17.5,18.1,18.4,18.8,18.6,19.1,19.4,19.7,19.7,19.8,19.8,19.8
E07000228,,,Mid Sussex,17.1,17.3,17.8,18.3,18.4,18.6,18.6,19,19.4,19.7,19.7,19.5,19.7
E07000229,,,Worthing,16.6,16.6,16.8,17.1,17.6,17.7,17.9,18,18.4,18.3,18.3,18.3,18.5
E12000009,SOUTH WEST,,,17,17.3,17.5,17.8,18,18.2,18.4,18.6,18.8,19,19.1,19.2,19.2
E06000022,,Bath and North East Somerset,,17.5,17.7,17.9,18.1,18.3,18.7,18.9,18.9,19,19.2,19.4,19.6,19.6
E06000028,,Bournemouth,,16.7,16.9,17.5,18.1,18.3,18.4,18.5,18.4,18.2,18.3,18.6,18.8,18.9
E06000023,,"Bristol, City of",,15.9,16.2,16.5,16.8,16.9,16.9,17.2,17.2,17.6,17.8,17.8,18.1,18.1
E06000052,,Cornwall,,16.9,17.3,17.4,17.7,17.7,17.9,17.9,18.3,18.5,18.8,18.8,19,18.9
E06000053,,Isles of Scilly,,..,..,..,..,..,..,..,..,..,..,..,..,..
E06000024,,North Somerset,,17.1,17.2,17.4,17.9,18.2,18.4,18.6,18.7,18.9,19,19.1,19.2,19.3
E06000026,,Plymouth,,15.9,16.1,16.2,16.6,17,17.4,17.5,17.6,17.7,18,18.1,18.4,18.5
E06000029,,Poole,,17.4,17.4,17.6,17.9,18.3,18.2,18.4,18.5,19.1,19.4,19.3,19.3,19.1
E06000025,,South Gloucestershire,,17.5,17.7,17.6,18,18,18.4,18.7,19,19.2,19.4,19.4,19.7,19.8
E06000030,,Swindon,,16.2,16.6,16.7,16.8,16.8,17.1,17.5,17.9,18.2,18.3,18.2,18.4,18.5
E06000027,,Torbay,,17,17.2,17.2,17.5,17.6,18,18.2,18.4,18.8,18.9,18.9,18.7,18.6
E06000054,,Wiltshire,,17.2,17.4,17.6,17.9,18.1,18.2,18.4,18.6,18.9,19.1,19.3,19.5,19.4
E07000041,,,Exeter,16.6,16.6,16.6,17,17.4,17.7,18,18.4,18.9,18.8,18.4,18.1,18
E07000042,,,Mid Devon,17.7,17.6,17.6,18.2,18.7,19.2,19.1,19.1,19,19.2,19.7,20.2,19.9
E07000043,,,North Devon,16.8,17,17.3,17.7,18.2,18.1,18.4,18.2,18.5,18.8,19.1,19.1,18.9
E07000044,,,South Hams,17.9,18.2,18.4,18.5,18.4,18.6,19,19.2,19.7,19.8,19.9,20,20.1
E07000045,,,Teignbridge,17.4,17.7,17.8,18.1,18.3,18.7,18.8,18.9,18.9,18.8,18.9,19,19.3
E07000046,,,Torridge,16.7,16.8,17.4,18,18.2,18.4,18.4,18.6,18.8,18.7,18.9,18.7,18.8
E07000047,,,West Devon,17,17.7,18.1,18.3,18.2,18,18.6,19.2,19.7,19.2,19.1,19.1,19.6
E10000009,,Dorset,,17.9,18.3,18.5,18.7,18.8,19,19.3,19.5,19.7,19.8,19.9,20,20
E07000049,,,East Dorset,18.7,19,19.1,19.2,19.2,19.5,19.9,20.2,20.5,20.5,20.5,20.7,20.8
E07000051,,,Purbeck,18.2,18.3,18.5,18.5,18.5,19,19.4,19.8,19.6,19.9,19.8,19.8,19.7
E07000052,,,West Dorset,17.7,18,18.1,18.5,18.6,18.8,18.8,18.9,19.2,19.5,19.7,20,20.1
E07000053,,,Weymouth and Portland,16.7,17.3,17.6,18.1,18.1,18.2,18.4,18.4,18.9,19,18.9,18.7,18.7
E10000013,,Gloucestershire,,16.9,17.1,17.3,17.7,18,18.2,18.3,18.6,18.8,18.9,18.8,18.9,19
E07000078,,,Cheltenham,16.9,17.4,17.6,17.9,18,18.2,18.7,19.1,19.2,19.1,19.2,19.3,19.5
E07000080,,,Forest of Dean,16.2,16.4,17,17.4,17.7,17.6,18,18.4,18.7,18.6,18.4,18.4,18.9
E07000081,,,Gloucester,16.6,16.6,16.6,16.9,17.4,17.6,17.5,17.6,17.5,17.9,18,18.4,18.2
E07000083,,,Tewkesbury,17.6,17.6,17.6,18,18.4,18.8,18.7,18.7,18.5,18.8,18.7,19,19
E10000027,,Somerset ,,17,17.3,17.7,18.1,18.2,18.3,18.5,18.5,18.9,19.1,19.4,19.4,19.3
E07000187,,,Mendip,16.9,16.9,17.3,17.9,18.4,18.6,18.8,19,19.3,19.3,19.3,19.2,19.2
E07000188,,,Sedgemoor,16.6,17,17.2,17.8,18,18,18,18,18.6,18.9,19.3,19.4,19.3
E07000190,,,Taunton Deane,17,17.4,17.6,17.9,17.8,18.1,18,18.2,18.4,18.7,19,19,18.9
E07000191,,,West Somerset,17.8,18.1,18.4,18.9,18.6,18.6,18.9,19.3,19.6,19.5,19.3,19.4,19.4
W92000004,WALES,,,15.9,16.1,16.3,16.7,16.9,17,17.2,17.5,17.8,17.9,18,18.1,18.1
W06000002,,,Gwynedd / Gwynedd,16.4,16.6,16.9,17.3,17.5,17.5,17.5,17.4,17.9,18.1,18.7,18.9,18.7
W06000003,,,Conwy / Conwy,16.6,16.9,17.2,17.3,17.5,17.5,17.8,18.3,18.6,18.7,18.6,18.7,18.9
W06000005,,,Flintshire / Sir y Fflint,16,16.2,16.5,17,17.3,17.3,17.4,17.8,18,18.2,18.1,18.4,18.4
W06000023,,,Powys / Powys,16.8,17.2,17.4,17.7,17.7,18,18.2,18.5,18.7,18.9,19.2,19.5,19.4
W06000008,,,Ceredigion / Ceredigion,17.7,17.5,17.5,17.9,18.5,19,18.9,18.9,18.8,19.2,19.3,19.6,19.2
W06000009,,,Pembrokeshire / Sir Benfro,15.8,16.1,16.4,16.9,17.3,17.6,17.6,17.9,18.2,18.7,18.8,18.9,18.7
W06000011,,,Swansea / Abertawe,16.3,16.2,16.3,16.8,17,17.3,17.1,17.4,17.4,17.7,17.7,17.9,18
W06000013,,,Bridgend / Pen-y-bont ar Ogwr,15.7,15.7,15.7,15.9,16.1,16.5,16.7,17,17.4,17.4,17.6,17.4,17.5
W06000014,,,Vale of Glamorgan / Bro Morgannwg,16.1,16.6,17,17.3,17.4,17.4,17.7,17.7,18.4,18.5,18.6,18.4,18.3
W06000015,,,Cardiff / Caerdydd,16,16.1,16.3,16.6,16.6,16.8,17,17.4,17.8,17.7,17.6,17.7,18
W06000016,,,Rhondda Cynon Taf / Rhondda Cynon Taf,14.9,15,15.3,15.6,15.7,16,16.2,16.4,16.5,16.9,17,17,16.9
W06000024,,,Merthyr Tydfil / Merthyr Tudful,14.6,14.8,15,15.7,16,16.1,15.9,16.3,16.9,17.4,17.5,17.8,17.8
W06000018,,,Caerphilly / Caerffili,15,15.1,15.5,16,16.1,16.2,16.4,16.8,17.2,17.2,17.4,17.5,17.5
W06000019,,,Blaenau Gwent / Blaenau Gwent,14.5,14.6,14.9,15.7,15.8,16.2,16.1,16.3,16.4,16.4,16.5,16.7,16.9
W06000020,,,Torfaen / Tor-faen,16,16.4,16.7,17.1,17,16.8,16.7,17.1,17.6,17.4,17.6,17.9,18.3
W06000021,,,Monmouthshire / Sir Fynwy,16.7,17.3,17.6,17.9,18,18.1,18.6,19,19.3,19.1,19.1,19.4,19.7
W06000022,,,Newport / Casnewydd,15.8,16.2,16.3,16.8,16.9,17.1,16.9,16.8,17.3,17.5,17.7,17.6,17.5
S92000003,SCOTLAND,,,15.1,15.2,15.4,15.8,16,16.2,16.4,16.6,16.9,17.1,17.2,17.4,17.3
S12000033,,,Aberdeen City,15.5,15.8,15.8,16,16,16.1,16.2,16.7,17.1,17.2,17.2,17.1,16.9
S12000034,,,Aberdeenshire,16.2,16.4,16.9,17.1,17.4,17.4,17.5,17.6,17.8,18,18.2,18.3,18.2
S12000041,,,Angus,15.8,16,16.1,16.5,16.7,17.3,17.5,17.9,18.2,18,18.1,18.2,18.1
S12000035,,,Argyll and Bute,15.8,15.9,16.1,16.5,16.9,16.7,16.8,17.1,17.5,17.6,17.9,18,17.7
S12000036,,,City of Edinburgh,15.7,15.9,16,16.3,16.6,16.8,17.1,17.2,17.3,17.5,17.7,18,17.9
S12000006,,,Dumfries and Galloway,16.1,16.2,16.2,16.4,16.8,17,17.3,17.1,17.6,17.8,18.1,17.8,17.8
S12000008,,,East Ayrshire,14.4,14.9,15.1,15.4,15.4,15.7,15.9,16.2,16.5,16.9,17,17.1,17.1
S12000045,,,East Dunbartonshire,16.7,16.7,17,17.2,17.3,17.6,18.2,18.8,19,18.9,19.1,19,19.3
S12000010,,,East Lothian,16,15.9,16,16.2,16.2,16.6,16.9,17.5,17.8,18.2,18.1,17.9,17.7
S12000011,,,East Renfrewshire,16.1,16.4,16.5,17.1,17.3,17.4,17.5,17.7,18.2,18.7,18.7,18.7,18.5
S12000014,,,Falkirk,14.9,14.9,15.2,15.5,15.8,15.9,16.3,16.5,16.8,16.6,16.7,17.2,17.3
S12000015,,,Fife,15.4,15.4,15.8,16.2,16.5,16.7,16.7,17,17.1,17.3,17.3,17.6,17.7
S12000046,,,Glasgow City,13.2,13.3,13.5,13.8,13.9,13.9,14,14.4,14.7,14.9,15,15.2,15.2
S12000017,,,Highland,15.5,15.7,15.9,16.3,16.6,17,17.2,17.4,17.5,17.7,18.1,18.4,18.2
S12000018,,,Inverclyde,13.9,13.9,14.3,14.9,15.2,15.4,15.6,15.7,15.6,15.7,15.9,16.5,16.5
S12000019,,,Midlothian,15.2,15.3,15.7,15.9,16.3,16.4,16.4,16.6,16.9,17.3,17.4,17.6,17.5
S12000020,,,Moray,15.2,15.6,15.9,16.5,16.3,16.8,17.1,17.6,17.5,17.5,17.7,18,17.9
S12000013,,,Na h-Eileanan Siar,14.4,14.2,14.4,15.6,15.7,16.3,15.8,16.2,16.2,16.2,16.9,17.2,17.6
S12000021,,,North Ayrshire,14.8,15,15.2,15.4,15.4,15.9,15.9,16.6,16.8,17.3,16.9,17,16.8
S12000044,,,North Lanarkshire,14.1,14.4,14.6,14.9,14.9,15.1,15.3,15.5,15.7,16,16.2,16.3,16.2
S12000023,,,Orkney Islands,16.3,16.5,16.8,16.8,16.5,16.3,16.7,17.9,18.7,19.2,18.5,18.7,18.7
S12000024,,,Perth and Kinross,16.6,16.5,16.8,17,17.3,17.4,17.8,18.3,18.6,18.5,18.4,18.7,19
S12000038,,,Renfrewshire,14.3,14.4,14.5,14.9,15.2,15.5,15.6,15.7,16,16.4,16.8,16.7,16.7
S12000026,,,Scottish Borders ,16.1,16.3,16.6,16.9,16.7,17.1,17.4,17.8,18,18.3,18.5,18.3,18.1
S12000027,,,Shetland Islands,15.6,16.1,16.7,17.5,17.8,17.4,17.6,17.3,17.9,17.9,18.5,18.9,18
S12000028,,,South Ayrshire,15.4,15.4,15.8,16.3,16.6,16.9,17,16.8,16.9,17.1,17.5,17.9,17.7
S12000029,,,South Lanarkshire,14.9,14.9,15,15.3,15.4,15.6,15.7,16.2,16.6,16.6,16.7,16.9,17.1
S12000030,,,Stirling,15.8,16,16.1,16.3,16.5,17.1,17.7,17.9,18.2,17.9,17.9,17.7,17.8
S12000039,,,West Dunbartonshire,14.2,14.4,14.4,14.9,15,15.2,15.4,15.7,15.8,15.9,15.7,15.9,16
S12000040,,,West Lothian,14,14.6,14.8,15.6,15.9,16.3,16.2,16.1,16.6,16.9,17.3,17.3,17.5
N92000002,NORTHERN IRELAND,,,15.9,16.1,16.3,16.6,16.8,16.8,17.1,17.3,17.7,17.8,18,18.1,18.2